{
  "Version": "2012-10-17",
  "Statement": [
    {
      "Effect": "Allow",
      "Action": [
        "ecs:DeregisterContainerInstance",
        "ecs:DiscoverPollEndpoint",
        "ecs:Poll",
        "ecs:RegisterContainerInstance",
        "ecs:StartTelemetrySession",
        "ecs:Submit*",
        "ecs:StartTask",
        "ecr:BatchCheckLayerAvailability",
        "ecr:BatchGetImage",
        "ecr:GetDownloadUrlForLayer",
        "ecr:GetAuthorizationToken"
      ],
      "Resource": "*"
    },
    {
        "Effect": "Allow",
        "Action": [
            "logs:CreateLogGroup",
            "logs:CreateLogStream",
            "logs:PutLogEvents",
            "logs:DescribeLogStreams"
        ],
        "Resource": [
            "arn:aws:logs:*:*:*"
        ]
    }
  ]
}
