{
  "Version": "2012-10-17",
  "Statement": [
    {
      "Effect": "Allow",
      "Action": [
        "elasticloadbalancing:Describe*",
        "elasticloadbalancing:DeregisterInstancesFromLoadBalancer",
        "elasticloadbalancing:RegisterInstancesWithLoadBalancer",
        "elasticloadbalancing:DeregisterTargets",
        "elasticloadbalancing:DescribeTargetGroups",
        "elasticloadbalancing:DescribeTargetHealth",
        "elasticloadbalancing:RegisterTargets",
        "ec2:Describe*",
        "ec2:AuthorizeSecurityGroupIngress"
      ],
      "Resource": [
        "*"
      ]
    }
  ]
}
