{
  "Version": "2012-10-17",
  "Statement": [
    {
      "Action": "ec2:*",
      "Effect": "Allow",
      "Resource": "*"
    },
    {
      "Effect": "Allow",
      "Action": "elasticloadbalancing:*",
      "Resource": "*"
    },
    {
      "Effect": "Allow",
      "Action": "cloudwatch:*",
      "Resource": "*"
    },
    {
      "Effect": "Allow",
      "Action": "autoscaling:*",
      "Resource": "*"
    },
    {
      "Effect": "Deny",
      "Action": [
        "ec2:CreateVpc*",
        "ec2:DeleteVpc*",
        "ec2:ModifyVpc*",
        "ec2:CreateSubnet*",
        "ec2:DeleteSubnet*",
        "ec2:ModifySubnet*",
        "ec2:Create*Route*",
        "ec2:DeleteRoute*",
        "ec2:AssociateRoute*",
        "ec2:ReplaceRoute*",
        "ec2:CreateVpn*",
        "ec2:DeleteVpn*",
        "ec2:AttachVpn*",
        "ec2:DetachVpn*",
        "ec2:CreateNetworkAcl*",
        "ec2:DeleteNetworkAcl*",
        "ec2:ReplaceNetworkAcl*",
        "ec2:*Gateway*",
        "ec2:*PeeringConnection*"
      ],
      "Resource": "*"
    },
    {
      "Effect": "Deny",
      "Action": "aws-portal:*Billing",
      "Resource": "*"
    },
    {
      "Effect": "Deny",
      "Action": [
        "kms:Create*",
        "kms:Revoke*",
        "kms:Enable*",
        "kms:Get*",
        "kms:Disable*",
        "kms:Delete*",
        "kms:Put*",
        "kms:Update*"
      ],
      "Resource": "*"
    }
  ]
}
