{
  "Version": "2012-10-17",
  "Statement": [
    {
      "Action": [
        "ec2:CopySnapshot",
        "ec2:CreateSnapshot",
        "ec2:CreateTags",
        "ec2:DeleteSnapshot",
        "ec2:DescribeInstanceAttribute",
        "ec2:DescribeInstances",
        "ec2:DescribeRegions",
        "ec2:DescribeSnapshotAttribute",
        "ec2:DescribeSnapshots",
        "ec2:DescribeTags",
        "ec2:DescribeVolumeAttribute",
        "ec2:DescribeVolumeStatus",
        "ec2:DescribeVolumes"
      ],
      "Sid": "Stmt1374693774000",
      "Resource": [
        "*"
      ],
      "Effect": "Allow"
    }
  ]
}
